prolongamento,Index_complex,tipo
35921,0.308799476611057,control
28394,0.0556423986430306,control
32499,0.245665343639022,control
40697,0.286643295354952,control
42045,0.109197228754846,control
40632,0.139444256184344,control
35383,0.078855565968968,control
41827,0.137872042212878,control
28260,0.105299816374343,control
36180,0.189407178384191,control
22949,0.279737618479694,control
23588,0.211789079730001,control
47231,0.250337285526086,control
34991,0.463048215327011,control
50501,0.134085492361242,control
46614,0.252225804899177,control
34711,0.158480411171451,control
55551,0.193545577283219,control
34913,0.0836963938900845,control
21208,0.103862080621989,control
56707,0.467869677007676,control
39301,0.326126095231563,control
50040,0.18966187329965,control
27161,0.134531434215977,control
44977,0.181492265696087,control
36694,0.099600029445685,control
36133,0.0721329156180988,control
17881,0.0606745114519857,control
27802,0.0715955386362118,control
31940,0.100154951401606,control
35620,0.144860037451385,control
32486,0.233730392734992,control
28757,0.0715461853872728,control
48136,0.0959017317155629,control
28801,0.198346647368275,control
37567,0.393689477081988,control
19579,0.0434803849723973,control
52141,0.167010144580238,control
32202,0.123277974407841,control
40662,0.422570613044775,control
30011,0.0905206376144009,control
27977,0.371628147249736,control
40435,0.327763923524522,control
32044,0.473428205212476,control
36773,0.24963780684392,control
41625,0.227363848980956,control
48935,0.574452357969615,control
43985,0.340248091316804,control
48938,0.540121223511723,control
48674,0.374892442047133,control
55687,0.113842873283366,control
63578,0.527957412370904,control
43494,0.488311902212915,control
49720,0.316319234365546,control
51773,0.283379010602663,control
58055,0.154395164226932,CB1_NEG
51006,0.170458796168296,CB1_NEG
19662,0.123132497881639,CB1_NEG
26888,0.0910381663905886,CB1_NEG
17265,0.0983392521412157,CB1_NEG
19415,0.212788387463001,CB1_NEG
27798,0.170456580125336,CB1_NEG
23228,0.128764862533288,CB1_NEG
20657,0.109343336351485,CB1_NEG
25840,0.143349688370243,CB1_NEG
34737,0.0996812067490864,CB1_NEG
21653,0.0670429574733939,CB1_NEG
21801,0.0642142765162896,CB1_NEG
32182,0.0872167229202712,CB1_NEG
23110,0.0813324852917793,CB1_NEG
32224,0.39466120639453,CB1_NEG
31939,0.0985832016256492,CB1_NEG
25380,0.0602784360189573,CB1_NEG
23721,0.0542243132251505,CB1_NEG
16518,0.0341480528593147,CB1_NEG
20760,0.0332495110366025,CB1_NEG
29000,0.213793851325706,CB1_NEG
34595,0.0383867022459418,CB1_NEG
22896,0.0867900446713465,CB1_NEG
23735,0.0384459568951547,CB1_NEG
15409,0.107242178447277,CB1_NEG
17345,0.115908048320506,CB1_NEG
18414,0.0636155606407323,CB1_NEG
24262,0.0885457755738382,CB1_NEG
25049,0.0837631222795274,CB1_NEG
26835,0.0978922244259925,CB1_NEG
31064,0.144218849004105,CB1_NEG
51004,0.0975778056936606,CB1_NEG
42262,0.263522933221804,CB1_NEG
64301,0.206327067158744,CB1_NEG
33122,0.144134366925065,CB1_NEG
37966,0.273057996821567,CB1_NEG
55265,0.235012388743546,CB1_NEG
42542,0.210254696665924,CB1_NEG
46007,0.273053343445835,CB1_NEG
52908,0.337764259697345,CB1_NEG
42144,0.471402769416014,CB1_NEG
42017,0.407318070895575,CB1_NEG
25658,0.118312085495344,CB1_NEG
36066,0.093750785235068,CB1_NEG
33762,0.182221145694562,CB1_NEG
31667,0.323455893349285,CB1_NEG
27332,0.318913531024171,CB1_NEG
43479,0.665376267951421,CB1_NEG
59585,0.410288892627745,CB1_NEG
58992,0.52208431899932,CB1_NEG
47956,0.447708767606039,CB1_NEG
41172,0.459088759262179,CB1_NEG
73160,0.567538171436003,CB1_NEG
24467,0.743120518231545,CB1_NEG
60283,0.433249346595717,CB1_NEG
42908,0.272437473505723,CB1_NEG
32439,0.422711417995444,CB1_NEG
37883,0.291270672753124,CB1_POS
48864,0.149436891851903,CB1_POS
35665,0.179945276034122,CB1_POS
33215,0.206976411040015,CB1_POS
34292,0.148278774030103,CB1_POS
47005,0.111889961645285,CB1_POS
45005,0.382732135509532,CB1_POS
35417,0.550140354888288,CB1_POS
38909,0.153360750266553,CB1_POS
38880,0.191028068496286,CB1_POS
45660,0.32647913501394,CB1_POS
68279,0.320370278206341,CB1_POS
60198,0.389429269826458,CB1_POS
62693,0.194705270324081,CB1_POS
63831,0.234199539303196,CB1_POS
39691,0.30757824221067,CB1_POS
42560,0.169382696773942,CB1_POS
35252,0.318274995165345,CB1_POS
70279,0.240596466583824,CB1_POS
38367,0.184704307358847,CB1_POS
25396,0.102583130145942,CB1_POS
36960,0.379813742763655,CB1_POS
49426,0.11147464360832,CB1_POS
33910,0.108405858070623,CB1_POS
32860,0.413203807210843,CB1_POS
53601,0.156314927910344,CB1_POS
24069,0.102304938087424,CB1_POS
39811,0.0982785956964892,CB1_POS
33491,0.139623901762318,CB1_POS
33116,0.124563815163371,CB1_POS
39985,0.11931192458482,CB1_POS
25707,0.200578412165314,CB1_POS
64830,0.102388369678089,CB1_POS
64129,0.134491321834427,CB1_POS
47640,0.317703335577102,CB1_POS
38678,0.274864545642026,CB1_POS
32300,0.147779741959315,CB1_POS
51913,0.155006836382577,CB1_POS
40488,0.236637191500594,CB1_POS
84338,0.54767153116335,CB1_POS
53723,0.186668281531497,CB1_POS
59282,0.482790811296556,CB1_POS
67390,0.113009371380436,CB1_POS
92652,0.354489908244097,CB1_POS
57114,0.508886882497098,CB1_POS
57865,0.247891131705161,CB1_POS
68040,0.184192225606101,CB1_POS
63709,0.430310021371534,CB1_POS
50282,0.362194936323507,CB1_POS
62352,0.190937755459535,CB1_POS
39572,0.310544288800613,CB1_POS
64615,0.275389135603104,CB1_POS
46671,0.26023554026851,CB1_POS
10697,0.34722645999878,DAG
8748,0.595953997505889,DAG
16199,0.243461610311975,DAG
6909,0.391116594694633,DAG
8775,0.44150967413442,DAG
30891,0.193341167254211,DAG
29762,0.120975840274086,DAG
29117,0.202929099370381,DAG
27943,0.534864752392842,DAG
30138,0.0907500150847764,DAG
37046,0.113180447168095,DAG
16610,0.111574668378263,DAG
21165,0.0589987551129291,DAG
21796,0.136962977628192,DAG
18019,0.036159400909334,DAG
23875,0.121338142205211,DAG
22487,0.243600524740153,DAG
38612,0.162847169524966,DAG
22350,0.0652055711238446,DAG
26863,0.173166302440826,DAG
19790,0.0665094339622642,DAG
35811,0.0681983763530392,DAG
11657,0.113603528248802,DAG
13111,0.0927899252698589,DAG
14154,0.135950186191319,DAG
16243,0.0723586521987436,DAG
13645,0.0835516152864531,DAG
13532,0.0785154919986381,DAG
26143,0.146713231934199,DAG
19142,0.0710923472606396,DAG
15218,0.0494097070397901,DAG
16552,0.0780370968640338,DAG
13502,0.113285611085572,DAG
14205,0.104124621594349,DAG
14946,0.130136189035037,DAG
64412,0.154919968512201,DAG
42510,0.134127711579591,DAG
54171,0.491781593019983,DAG
47416,0.13360619792428,DAG
51081,0.248731487064845,DAG
66524,0.3163563119168,DAG
52329,0.233061218507716,DAG
40633,0.405115366596393,DAG
48412,0.202503912363067,DAG
33736,0.0390794120998064,DAG
30925,0.0453773730513968,DAG
29096,0.0593560067244278,DAG
16225,0.066294527248662,DAG
16967,0.136319674217358,DAG
27699,0.31859778597786,DAG
16882,0.062006889654406,DAG
37536,0.493023946838828,DAG
46149,0.473245063348933,DAG
34776,0.263875365141188,DAG
65909,0.49138010865539,DAG
58555,0.430664670192906,DAG
57428,0.288508951248219,DAG
58083,0.400198271321912,DAG
60763,0.605767858301434,DAG
41273,0.509792743036998,DAG
43060,0.356468197034912,DAG
39141,0.105225859546452,MAG
35992,0.0718687949663478,MAG
41700,0.133128222185265,MAG
26954,0.123817573058544,MAG
50563,0.116093280190196,MAG
48367,0.263113792525557,MAG
33982,0.142193613530228,MAG
17511,0.08796875,MAG
21946,0.0682291003269223,MAG
24890,0.0631234237964392,MAG
37931,0.0827953089106517,MAG
43542,0.116884697292364,MAG
39870,0.206582953573063,MAG
48302,0.292558255342209,MAG
26856,0.190132987545611,MAG
31110,0.173858777916456,MAG
42279,0.219036887895524,MAG
45885,0.313335228888257,MAG
37457,0.190258982230101,MAG
38486,0.53012563028801,MAG
41222,0.196060458313018,MAG
44942,0.108841783823442,MAG
30373,0.100991564303685,MAG
33641,0.123818205495507,MAG
33525,0.0756314106099041,MAG
31126,0.0835590625368037,MAG
21557,0.0668369334660838,MAG
22563,0.101970149253731,MAG
21912,0.0785146557887212,MAG
21399,0.174866970000771,MAG
22314,0.215318071526532,MAG
41050,0.12124844800274,MAG
26469,0.0386445356481313,MAG
39819,0.192623532512825,MAG
59612,0.185950921083177,MAG
35808,0.299640118917227,MAG
38182,0.281293528592403,MAG
44728,0.179784346805545,MAG
43551,0.0831368421052632,MAG
47893,0.410250095432772,MAG
49044,0.381070166582534,MAG
46902,0.347050716264565,MAG
56073,0.188840829198432,MAG
42079,0.165264828407062,MAG
83381,0.453307456775877,MAG
56227,0.376557856921098,MAG
30225,0.0656589075396458,MAG
60918,0.283621054612164,MAG
52742,0.299230697686778,MAG
59343,0.811989126715584,MAG
46071,0.467682673198687,MAG
54278,0.457301404789282,MAG
46465,0.182040629510967,MAG
51530,0.484008571485791,MAG
47828,0.510710997442455,MAG
57546,0.343614193975203,MAG
67048,0.525592584730772,MAG
16750,0.440883904132452,FAAH
30922,0.17470908508594,FAAH
29431,0.10440630515489,FAAH
26396,0.422899494960537,FAAH
24984,0.370806890299184,FAAH
20919,0.301372607955115,FAAH
28516,0.265070487874024,FAAH
49358,0.288881845293838,FAAH
38355,0.474553051578875,FAAH
38620,0.327201142817323,FAAH
69450,0.29170958563226,FAAH
48001,0.107788104089219,FAAH
30956,0.245803386526983,FAAH
79123,0.312900004341974,FAAH
48699,0.259139245128018,FAAH
51590,0.358684302123216,FAAH
35361,0.241668453785117,FAAH
54947,0.51167771635769,FAAH
51677,0.23406305117906,FAAH
40621,0.282225716961462,FAAH
39550,0.323121684066404,FAAH
32670,0.049627647195718,FAAH
25701,0.0468402314196706,FAAH
32349,0.0589108046779543,FAAH
18669,0.0893614945612409,FAAH
25266,0.0787237921604376,FAAH
28211,0.0796959613753507,FAAH
25856,0.112666872576272,FAAH
22007,0.0584435031874385,FAAH
27871,0.0644489946628176,FAAH
44543,0.117768226742459,FAAH
38324,0.216566499039208,FAAH
46894,0.518532208053553,FAAH
26608,0.176375905404569,FAAH
39286,0.17577207116482,FAAH
41811,0.386566704323714,FAAH
45071,0.168738472888233,FAAH
48757,0.179175084175084,FAAH
29907,0.108318425760286,FAAH
45051,0.165722222222222,FAAH
49650,0.197017725449605,FAAH
60338,0.309199152784933,FAAH
65191,0.358381559781111,FAAH
44569,0.0680230856091338,FAAH
61542,0.130652201551045,FAAH
59419,0.265625193113421,FAAH
40198,0.484687271655108,FAAH
75955,0.608295643832932,FAAH
44507,0.424081262939959,FAAH
62947,0.567225850807838,FAAH
56786,0.466998310493711,FAAH
37298,0.529855167458687,FAAH
57786,0.564812025545246,FAAH
39940,0.31783634220909,cortico
41298,0.395759872415761,cortico
38332,0.263426913395208,cortico
40865,0.211921934662707,cortico
27822,0.175204553539666,cortico
22956,0.241048699044533,cortico
34399,0.26308911739503,cortico
31578,0.365355628353799,cortico
32933,0.359417245336601,cortico
36580,0.380986225335906,cortico
59995,0.455881952821034,cortico
55429,0.358512620505283,cortico
31731,0.180141074335323,cortico
88357,0.40596342611268,cortico
96375,0.52315570728811,cortico
89762,0.438348621557021,cortico
67705,0.130169456685124,cortico
54541,0.232541123165464,cortico
60728,0.231223019761245,cortico
51239,0.405910861701141,cortico
48982,0.224857970280578,cortico
43737,0.261885072989621,cortico
66930,0.0422837518780854,cortico
54873,0.46833125018167,cortico
58991,0.381120238357515,cortico
36527,0.0535084991708126,cortico
34038,0.108532816510398,cortico
29509,0.153572555431259,cortico
33177,0.105041676782391,cortico
25036,0.13986326313258,cortico
29453,0.0974473692274691,cortico
49841,0.102949910908731,cortico
34074,0.087930619127921,cortico
39592,0.0629334216941611,cortico
27414,0.0854378648874061,cortico
25889,0.0822107203630176,cortico
36020,0.135132539377641,cortico
23112,0.088787257530358,cortico
31308,0.0930212346823488,cortico
45952,0.0437026554565887,cortico
59515,0.676952722140802,cortico
30718,0.323868638844867,cortico
36250,0.294801960936892,cortico
40626,0.334501851063133,cortico
44143,0.28928853182206,cortico
42074,0.527857888299126,cortico
34536,0.246695458709593,cortico
47476,0.274278114920742,cortico
30172,0.236364556705728,cortico
32041,0.241507468693038,cortico
62956,0.241557940896551,cortico
54690,0.374578306364,cortico
69917,0.552785933132488,cortico
72846,0.590601009363022,cortico
90009,0.602475885948486,cortico
72777,0.493911809906608,cortico
72920,0.433868513400205,cortico
71458,0.421921642545687,cortico
73879,0.393295612255792,cortico
49693,0.546414619007631,cortico
48168,0.35271114694618,cortico
28498,0.455906218378296,cortico
60219,0.567578629900905,cortico
48642,0.402652585042368,cortico
76117,0.357233936548416,cortico
47267,0.223208269651104,cortico_CB1_NEG
30143,0.135089380505581,cortico_CB1_NEG
24715,0.220199406827791,cortico_CB1_NEG
26378,0.199842261724201,cortico_CB1_NEG
36916,0.557590211281953,cortico_CB1_NEG
33801,0.187612661331026,cortico_CB1_NEG
46255,0.377330551255301,cortico_CB1_NEG
23199,0.278031929791803,cortico_CB1_NEG
30163,0.0775558885592832,cortico_CB1_NEG
46780,0.252357359757072,cortico_CB1_NEG
18835,0.0907993821201004,cortico_CB1_NEG
23253,0.090756236803003,cortico_CB1_NEG
14032,0.0975045021867764,cortico_CB1_NEG
26080,0.159658450136942,cortico_CB1_NEG
27994,0.0719092928422239,cortico_CB1_NEG
25593,0.338904244052386,cortico_CB1_NEG
20136,0.146851961698161,cortico_CB1_NEG
14442,0.100242975515544,cortico_CB1_NEG
33253,0.0943678849610545,cortico_CB1_NEG
42100,0.542649806631035,cortico_CB1_NEG
30140,0.0909090909090909,cortico_CB1_NEG
16343,0.0672868394018947,cortico_CB1_NEG
36893,0.360296157580802,cortico_CB1_NEG
24454,0.0972053014361133,cortico_CB1_NEG
36770,0.180320559976816,cortico_CB1_NEG
35226,0.0707992614085993,cortico_CB1_NEG
22516,0.151300414624953,cortico_CB1_NEG
41742,0.0810989301281204,cortico_CB1_NEG
39641,0.245996119755012,cortico_CB1_NEG
33990,0.145979899497487,cortico_CB1_NEG
45421,0.111986549101644,cortico_CB1_NEG
40617,0.178458737864078,cortico_CB1_NEG
55919,0.085708212749955,cortico_CB1_NEG
72293,0.33240063534279,cortico_CB1_NEG
53772,0.430423591470971,cortico_CB1_NEG
56144,0.152926976463488,cortico_CB1_NEG
40246,0.159510483668866,cortico_CB1_NEG
54028,0.253602265662775,cortico_CB1_NEG
44605,0.431551715348932,cortico_CB1_NEG
59867,0.521848169002835,cortico_CB1_NEG
55676,0.158794911310549,cortico_CB1_NEG
56178,0.452119722636707,cortico_CB1_NEG
58721,0.398572247941333,cortico_CB1_NEG
28378,0.283166616146307,cortico_CB1_NEG
32233,0.441194826809057,cortico_CB1_NEG
46632,0.320084566596195,cortico_CB1_NEG
33527,0.356104399930861,cortico_CB1_NEG
54066,0.494147696971398,cortico_CB1_NEG
39125,0.184844886138717,cortico_CB1_NEG
55840,0.594957276116696,cortico_CB1_NEG
59013,0.461663367420476,cortico_CB1_NEG
51722,0.519289929829453,cortico_CB1_NEG
38424,0.415061882506965,cortico_CB1_NEG
52438,0.281011339174311,cortico_CB1_NEG
51050,0.380859398687737,cortico_CB1_NEG
42274,0.516829917821997,cortico_CB1_NEG
53595,0.576129767007798,cortico_CB1_NEG
40587,0.402640409749205,cortico_CB1_NEG
41800,0.375811967088267,cortico_CB1_NEG
30465,0.348843671183687,cortico_CB1_POS
11615,0.530270554454645,cortico_CB1_POS
40370,0.380429110776881,cortico_CB1_POS
30488,0.310429059326442,cortico_CB1_POS
91497,0.401898299766635,cortico_CB1_POS
41191,0.422804215010369,cortico_CB1_POS
32535,0.293224425955293,cortico_CB1_POS
34905,0.479984506056046,cortico_CB1_POS
40838,0.288598554132915,cortico_CB1_POS
68531,0.47162726866201,cortico_CB1_POS
50076,0.263154796939376,cortico_CB1_POS
37124,0.32070776381036,cortico_CB1_POS
40083,0.24008948376211,cortico_CB1_POS
80901,0.136798190392864,cortico_CB1_POS
96397,0.0841836249976249,cortico_CB1_POS
62929,0.215916170350619,cortico_CB1_POS
83224,0.334522105566173,cortico_CB1_POS
64974,0.327447002318649,cortico_CB1_POS
75282,0.302434187970831,cortico_CB1_POS
50616,0.16855298388554,cortico_CB1_POS
76774,0.118340816959313,cortico_CB1_POS
56086,0.460763388135756,cortico_CB1_POS
72255,0.0646723019766734,cortico_CB1_POS
30397,0.146774827373267,cortico_CB1_POS
34566,0.0670948936629602,cortico_CB1_POS
35012,0.145360900236776,cortico_CB1_POS
46180,0.117118495010133,cortico_CB1_POS
25385,0.169393364308619,cortico_CB1_POS
47501,0.134504309166773,cortico_CB1_POS
37125,0.273184674719552,cortico_CB1_POS
38526,0.123871466581766,cortico_CB1_POS
27519,0.149913505498579,cortico_CB1_POS
51672,0.180784780023781,cortico_CB1_POS
36791,0.236938712019081,cortico_CB1_POS
47860,0.343069701045927,cortico_CB1_POS
32785,0.110915254237288,cortico_CB1_POS
25652,0.110880038820145,cortico_CB1_POS
33592,0.104929389821476,cortico_CB1_POS
51863,0.204384377013469,cortico_CB1_POS
53474,0.400676947906393,cortico_CB1_POS
50112,0.419159663865546,cortico_CB1_POS
45685,0.14857334550944,cortico_CB1_POS
52234,0.23059700393289,cortico_CB1_POS
74777,0.18630438094409,cortico_CB1_POS
53262,0.585616145270086,cortico_CB1_POS
62367,0.485700855969522,cortico_CB1_POS
52667,0.471225477400052,cortico_CB1_POS
51903,0.304295958715904,cortico_CB1_POS
92233,0.443188747019228,cortico_CB1_POS
60241,0.651584731058415,cortico_CB1_POS
73377,0.560995309433782,cortico_CB1_POS
36442,0.563657698432654,cortico_CB1_POS
46001,0.251395466158928,cortico_CB1_POS
47443,0.215091655085699,cortico_CB1_POS
56780,0.559110144815002,cortico_CB1_POS
65678,0.435115422988268,cortico_CB1_POS
61022,0.62970514524282,cortico_CB1_POS
48610,0.503300431201847,cortico_CB1_POS
67126,0.520699750089254,cortico_CB1_POS
28197,0.0971181556195966,cortico_DAG
35133,0.200941593886463,cortico_DAG
33530,0.128162458722276,cortico_DAG
32918,0.168212255211624,cortico_DAG
32124,0.143222915666507,cortico_DAG
34549,0.166831456338775,cortico_DAG
33685,0.242693345323741,cortico_DAG
56149,0.158249006821078,cortico_DAG
35707,0.137366221341773,cortico_DAG
38480,0.267508042563722,cortico_DAG
24829,0.217565310559985,cortico_DAG
25954,0.0527737226277373,cortico_DAG
19653,0.0845444382336501,cortico_DAG
11511,0.12290460225541,cortico_DAG
15401,0.101720618256051,cortico_DAG
22890,0.0897160582199952,cortico_DAG
21988,0.0788437369082531,cortico_DAG
21345,0.25813290699291,cortico_DAG
19274,0.0848053181386514,cortico_DAG
22217,0.0613857203210816,cortico_DAG
24560,0.152898975614804,cortico_DAG
18123,0.462017989135275,cortico_DAG
16610,0.149165044565106,cortico_DAG
25327,0.220851535101212,cortico_DAG
32413,0.236262959472196,cortico_DAG
37390,0.124683959172207,cortico_DAG
34377,0.133294675272287,cortico_DAG
38694,0.20510292123752,cortico_DAG
23327,0.12858156823191,cortico_DAG
35177,0.135020163273335,cortico_DAG
32426,0.14992790667191,cortico_DAG
33497,0.267040108531542,cortico_DAG
30588,0.30339330448645,cortico_DAG
20470,0.151326699834162,cortico_DAG
26122,0.122451036382571,cortico_DAG
72203,0.38852472899729,cortico_DAG
53791,0.430487766143291,cortico_DAG
56446,0.151902157581585,cortico_DAG
39247,0.159215064590073,cortico_DAG
52475,0.257621843389687,cortico_DAG
44659,0.43133459819439,cortico_DAG
59851,0.521872853057247,cortico_DAG
55677,0.158334719051866,cortico_DAG
56219,0.54138012611863,cortico_DAG
58959,0.39770765443197,cortico_DAG
23460,0.0749576120815425,cortico_DAG
28077,0.101995778161581,cortico_DAG
26128,0.225538726027803,cortico_DAG
48271,0.275666996788812,cortico_DAG
23054,0.0516659810777458,cortico_DAG
40414,0.257791408789554,cortico_DAG
35828,0.433907410333386,cortico_DAG
60720,0.433972817271659,cortico_DAG
65321,0.417265866148054,cortico_DAG
39552,0.566667397068168,cortico_DAG
72800,0.588514582862311,cortico_DAG
62716,0.451250776540174,cortico_DAG
50773,0.548487785791145,cortico_DAG
61919,0.420586721564591,cortico_DAG
60623,0.613277537142529,cortico_DAG
25333,0.11429270680372,cortico_MAG
23643,0.310458469435371,cortico_MAG
31030,0.161962891943717,cortico_MAG
27150,0.421207469941161,cortico_MAG
36079,0.0938567410086397,cortico_MAG
27692,0.13868930981929,cortico_MAG
30515,0.217383498756123,cortico_MAG
30257,0.162505535872454,cortico_MAG
36830,0.308979699050621,cortico_MAG
48513,0.106722642655913,cortico_MAG
30178,0.0929638423852605,cortico_MAG
40388,0.0971318713254197,cortico_MAG
38026,0.148944741612766,cortico_MAG
57966,0.228077184291479,cortico_MAG
40239,0.130531547104581,cortico_MAG
35260,0.251618380558209,cortico_MAG
51453,0.181101986249045,cortico_MAG
61307,0.329956173426451,cortico_MAG
43647,0.180768797627539,cortico_MAG
39516,0.14714896188544,cortico_MAG
31929,0.170373642363457,cortico_MAG
63018,0.323855711250832,cortico_MAG
24134,0.119486300120398,cortico_MAG
43064,0.0772856806153714,cortico_MAG
38689,0.0996276471957179,cortico_MAG
24673,0.0487701441899915,cortico_MAG
25800,0.0999790692806809,cortico_MAG
22611,0.129375072195911,cortico_MAG
38735,0.105344604582409,cortico_MAG
23248,0.0914491167734875,cortico_MAG
42212,0.0830255897814659,cortico_MAG
26730,0.13270603504218,cortico_MAG
55781,0.463334616124687,cortico_MAG
49856,0.367028502507459,cortico_MAG
48897,0.194514455151964,cortico_MAG
63306,0.301258278145695,cortico_MAG
40774,0.346182832769431,cortico_MAG
68331,0.345732915864763,cortico_MAG
46395,0.197915045900109,cortico_MAG
46626,0.236227824463119,cortico_MAG
32998,0.143109402996702,cortico_MAG
42972,0.595774502149435,cortico_MAG
53472,0.259472634611123,cortico_MAG
66745,0.433062372057862,cortico_MAG
59137,0.108173729452571,cortico_MAG
68556,0.136095569333132,cortico_MAG
57862,0.483028813937905,cortico_MAG
59030,0.195074724555471,cortico_MAG
41232,0.503043305330907,cortico_MAG
54570,0.450491908928877,cortico_MAG
52280,0.545391304347826,cortico_MAG
73922,0.649015018066311,cortico_MAG
60408,0.545582427502163,cortico_MAG
56462,0.499738625791875,cortico_MAG
50272,0.445506987414932,cortico_MAG
40017,0.0680717279925478,cortico_MAG
48908,0.392394369696744,cortico_MAG
57103,0.487396542128225,cortico_MAG
38942,0.15444577136033,cortico_FAAH
34441,0.276130225519662,cortico_FAAH
37010,0.148039870168735,cortico_FAAH
39579,0.131182087586434,cortico_FAAH
28131,0.222492468422653,cortico_FAAH
35979,0.2405808725753,cortico_FAAH
24671,0.203210283241288,cortico_FAAH
40824,0.171826185742687,cortico_FAAH
30277,0.159205776173285,cortico_FAAH
42377,0.111574666135558,cortico_FAAH
43548,0.403884850724816,cortico_FAAH
42288,0.236306503169415,cortico_FAAH
38759,0.241670090587153,cortico_FAAH
39477,0.203128784820347,cortico_FAAH
40923,0.117011176800587,cortico_FAAH
47373,0.181162927368894,cortico_FAAH
52131,0.223050210888713,cortico_FAAH
57898,0.150008808503142,cortico_FAAH
44478,0.113242154790861,cortico_FAAH
39076,0.249750403194839,cortico_FAAH
35942,0.126349052017501,cortico_FAAH
30497,0.160925548891212,cortico_FAAH
20070,0.109503948886325,cortico_FAAH
27645,0.113317082558214,cortico_FAAH
30054,0.0338509017262996,cortico_FAAH
22185,0.184375,cortico_FAAH
28334,0.128506397637795,cortico_FAAH
30625,0.160199632544492,cortico_FAAH
23329,0.215330799502203,cortico_FAAH
22033,0.0561196075911408,cortico_FAAH
27931,0.0792483929454425,cortico_FAAH
55772,0.29162221206117,cortico_FAAH
42921,0.113147509143129,cortico_FAAH
35848,0.209804699554733,cortico_FAAH
67630,0.391794668872981,cortico_FAAH
43165,0.288575007416686,cortico_FAAH
53185,0.147334669338677,cortico_FAAH
49478,0.294370997875041,cortico_FAAH
43264,0.157419128673535,cortico_FAAH
46571,0.230994055482166,cortico_FAAH
49028,0.563963002490217,cortico_FAAH
77727,0.11897124332657,cortico_FAAH
59820,0.290938185266402,cortico_FAAH
64682,0.355307485298515,cortico_FAAH
57937,0.194278721125899,cortico_FAAH
68007,0.474601936047096,cortico_FAAH
75125,0.310393890158713,cortico_FAAH
46942,0.521697930570698,cortico_FAAH
48718,0.313985580714205,cortico_FAAH
71917,0.580954545189691,cortico_FAAH
67934,0.570141358407472,cortico_FAAH
55343,0.366132172717902,cortico_FAAH
60744,0.511523553725654,cortico_FAAH
47071,0.270341492148626,cortico_FAAH
47097,0.381823670704976,cortico_FAAH
47431,0.471037605388767,cortico_FAAH
